,Parametro,Prob,
801,PONCIANO ARRIAGA,9.73E-05,
753,MAGISTERIAL,9.73E-05,
852,CUMBRES DE TEPETONGO,9.73E-05,
1261,SAN AGUSTIN,9.73E-05,
1273,EL EBANO,9.73E-05,
1236,TIERRA UNIDA,9.73E-05,
1373,SANTA LUCIA REACOMODO,9.73E-05,
795,LAS ANIMAS,9.73E-05,
787,P.E.Z.,9.73E-05,
1235,MIRADOR I,9.73E-05,
1231,EL CHAMIZAL (LA MAGUEYERA EL RETIRO),9.73E-05,
1204,ALAMEDA SUR,9.73E-05,
1278,CANUTILLO,9.73E-05,
1286,COPILCO UNIVERSIDAD ISSSTE,9.73E-05,
1460,RINCON DE LA BOLSA,9.73E-05,
1160,ALCANTARILLA,9.73E-05,
1288,SAN LUCAS ORIENTE,9.73E-05,
1123,LA PRESA,9.73E-05,
1316,CUAUTEPEC BARRIO ALTO,9.73E-05,
1047,SAN ISIDRO TULYEHUALCO,9.73E-05,
1081,TOLTENCO,9.73E-05,
868,PLAN DE IGUALA,9.16E-05,
910,DIVISION DEL NORTE INFONAVIT,9.16E-05,
912,AMPLIACION SAN JUAN DE ARAGON CTM,9.16E-05,
1315,EL MILAGRO,9.16E-05,
854,EX ESCUELA DE TIRO,9.16E-05,
1433,CENTRO URBANO PRESIDENTE MIGUEL ALEMÃN,9.16E-05,
1395,ABDIAS GARCIA SOTO,9.16E-05,
729,SAN PEDRO APOSTOL,9.16E-05,
1193,SECTOR 17,9.16E-05,
1398,EL GAVILÃN,9.16E-05,
1178,AMPLIACION LOMAS DE SANTO DOMINGO,9.16E-05,
552,AJUSCO MONTSERRAT,9.16E-05,
362,LAS FLORES,9.16E-05,
1113,BOSQUES DE TARANGO,9.16E-05,
1374,FAJA DE ORO,9.16E-05,
1029,RANCHO LOS COLORINES,8.58E-05,
1419,LOMAS DE CUILOTEPEC,8.58E-05,
1266,TECACALANCO,8.58E-05,
1050,LOMAS DE NATIVITAS,8.58E-05,
1061,RINCONADA DEL SUR,8.58E-05,
1064,PODER POPULAR MERCED GOMEZ,8.58E-05,
102,SAN MIGUEL (SANTA ANA TLACOTENCO),8.58E-05,
1097,CHIMALLI,8.58E-05,
1192,VILLAS COPILCO,8.58E-05,
1175,ZEDEC AMPLIACION PLAN DE AYALA,8.58E-05,
1128,BARRIO SANTIAGO,8.58E-05,
1012,VERANO,8.58E-05,
1112,VASO DE REGULACION,8.58E-05,
917,24 DE ABRIL,8.58E-05,
1485,LA PRESA SECCION HORNOS,8.58E-05,
22,MOSCO CHINAMPA,8.58E-05,
581,LOMAS AXOMIATLA,8.58E-05,
777,AMPLIACION SIMON BOLIVAR,8.58E-05,
827,INFONAVIT CAMINO SAN JUAN DE ARAGON,8.58E-05,
1446,MONTE ALTO,8.58E-05,
1464,RINCONADA LAS PLAYAS INFONAVIT,8.58E-05,
976,ESTADIO AZTECA,8.58E-05,
676,AMPLIACION 7 DE JULIO,8.58E-05,
973,PLAZA ORIENTE,8.58E-05,
1360,TAXQUENA,8.01E-05,
1101,BARRIO SAN DIEGO,8.01E-05,
1352,PRECONCRETO,8.01E-05,
1383,PRADOS DE CUAUTEPEC,8.01E-05,
1049,JOYAS DEL PEDREGAL,8.01E-05,
1392,RINCON DEL PEDREGAL,8.01E-05,
176,EL JAG?EY,8.01E-05,
1408,MANZANASTITLA,8.01E-05,
818,BARRIO LA LONJA,8.01E-05,
968,TRIUNFO DE LA REPUBLICA,8.01E-05,
249,VALLE DE LUCES 1A SECCION,8.01E-05,
1314,PUERTA GRANDE,8.01E-05,
1226,PLANETARIO LINDAVISTA,8.01E-05,
889,EL POCITO,8.01E-05,
1223,BOSQUES 2A SECCION,8.01E-05,
1069,PATRIMONIO FAMILIAR,7.44E-05,
1342,MADERO,7.44E-05,
1259,GAMITOS,7.44E-05,
662,RESIDENCIAL HACIENDA COAPA,7.44E-05,
1298,RESIDENCIAL ALDAMA,7.44E-05,
1327,REFORMA EDUCATIVA,7.44E-05,
1222,FIVIPOR,7.44E-05,
1034,VALLE DE LUCES,7.44E-05,
1448,LA ARANA,7.44E-05,
1443,BARRIO SAN JUAN MOYOTEPEC,7.44E-05,
1017,IGNACIO ALLENDE,7.44E-05,
293,LOMAS DE TONALCO,7.44E-05,
76,BARRIO SAN AGUSTIN,7.44E-05,
367,RINCONADA COAPA 1A SECCION,7.44E-05,
1463,CUCHILLA DEL MORAL 1,7.44E-05,
1452,COLINAS DE TARANGO,7.44E-05,
515,AMPLIACION DEL CARMEN,7.44E-05,
1098,POTRERO DEL LLANO,6.87E-05,
1238,PEDREGAL DE COYOACÃN,6.87E-05,
1194,HACIENDA SAN JUAN,6.87E-05,
771,CABEZA DE JUAREZ VIII,6.87E-05,
886,LOMAS DE TEPEMECATL,6.87E-05,
1270,MILITAR 1 K LOMAS DE SOTELO,6.87E-05,
1080,ACUILOTLA,6.87E-05,
1087,LOMAS DEL PEDREGAL FRAMBOYANES,6.87E-05,
1225,LA NORIA III,6.87E-05,
132,POLOTLAN,6.87E-05,
1304,IGNACIO MANUEL ALTAMIRANO,6.87E-05,
1102,PARQUE RECREATIVO SANTA CRUZ MEYEHUALCO,6.87E-05,
1301,VALLE DE LUCES 3A SECCION,6.87E-05,
1435,FLOR DE MARIA,6.87E-05,
1432,UNIDAD NARVARTE IMSS,6.87E-05,
1028,PIRU SANTA LUCIA,6.87E-05,
1412,La Guadalupita,6.87E-05,
1036,ESTACION PANTACO,6.87E-05,
1402,LA SOLEDAD,6.87E-05,
1397,BARRIO LAS CRUCES,6.87E-05,
1396,MOLINO DE ROSAS,6.87E-05,
1331,LOMAS ESTRELLA,6.87E-05,
1465,LOMAS DE SANTO DOMINGO,6.87E-05,
1361,JUSTO SIERRA,6.87E-05,
1470,EX EJIDO SAN JUAN DE ARAGON SECTOR 32,6.87E-05,
1478,PEDREGAL 2,6.87E-05,
1078,VILLA HERMOSA,6.87E-05,
661,EJIDO SAN MATEO,6.87E-05,
1004,MARIA ESTHER ZUNO DE ECHEVERRIA,6.87E-05,
1303,OJITO DE AGUA,6.87E-05,
1133,LAS ARMAS,6.30E-05,
1203,LOMAS DE GUADALUPE,6.30E-05,
588,SANTA FE INFONAVIT,6.30E-05,
758,MANUEL RIVERA ANAYA CROC 1,6.30E-05,
1120,AGUA BENDITA,6.30E-05,
1184,SANTA CRUZ (DEL PUEBLO DE SAN ANDRES MIXQUIC),6.30E-05,
1439,ISIDRO FABELA SECCION CANTIL,6.30E-05,
1232,MANUEL GUTIERREZ NAJERA,6.30E-05,
1246,LAS AGUILAS SECCION HORNOS,6.30E-05,
1250,LA MARTINICA II,6.30E-05,
1253,SAN LORENZO TEZONCO FOVISSSTE,6.30E-05,
1086,PUEBLO NUEVO,6.30E-05,
906,INTEGRACION LATINOAMERICANA,6.30E-05,
1484,LA GUADALUPANA,6.30E-05,
1305,SAN ANDRES DE LAS SALINAS,6.30E-05,
1325,SIERRA DEL VALLE,6.30E-05,
1345,BARRIO TULA,6.30E-05,
1382,19 DE MAYO,6.30E-05,
1394,TECOLALCO,6.30E-05,
1038,EL PIRU SANTA FE,6.30E-05,
1447,TENORIOS 1,6.30E-05,
1418,ALBARRADA I,6.30E-05,
1045,SANTA MARIA DEL MONTE,6.30E-05,
1593,JOSE MARIA MORELOS Y PAVON 1,5.72E-06,
1498,PERIFERICO,5.72E-06,
1552,POTRERO ACOXPA,5.72E-06,
1562,VILLA VALBADENA,5.72E-06,
1560,VILLA CHARRA DEL PEDREGAL,5.72E-06,
1557,CAMPO DE TIRO LOS GAMITOS,5.72E-06,
1420,BELEN DE LAS FLORES SECCION RANCHERIA,5.72E-06,
1556,MANANTIALES,5.72E-06,
1553,CERRO DEL JUDIO,5.72E-06,
1547,LOMA BONITA,5.72E-06,
1378,AREA FEDERAL SUB ESTACION ELECTRICA,5.72E-06,
1543,RESIDENCIAL VILLA PRADO COAPA,5.72E-06,
1540,LOCAXCO,5.72E-06,
1469,MILPA LOS CERROS,5.72E-06,
1471,CASA DEL AGRONOMO,5.72E-06,
1491,PIRU XOCOMECATLA,5.72E-06,
1492,ESTRELLA SANTA FE,5.72E-06,
1501,CAMPAMENTO LA ESMERALDA,5.72E-06,
1386,MALVINAS SEGUNDO,5.72E-06,
1566,EL MIRADOR (SANTIAGO TULYEHUALCO),5.72E-06,
1582,LOTERIA NACIONAL,5.72E-06,
1251,GRACIANO SÃNCHEZ,5.72E-06,
1591,SAN MIGUEL 1 SECCION,5.72E-06,
1588,CEHUAYA,5.72E-06,
1586,LA GALVIA,5.72E-06,
1583,LÃZARO TATA,5.72E-06,
1267,ALCANFORES,5.72E-06,
1579,PLAN DE BARRANCAS,5.72E-06,
1578,SEARS ROEBUCK,5.72E-06,
1572,BOSQUES RESIDENCIAL CIPRES,5.72E-06,
1571,GAONA ARMENTA,5.72E-06,
1366,EL MIRADOR DEL PUEBLO TETELPAN,5.72E-06,
1569,TRONCOSO,5.72E-06,
743,LAS AGUILAS 2O PARQUE,5.72E-05,
1542,BELEN DE LAS FLORES SECCION CUCHILLA,5.72E-05,
401,PACIFICO,5.72E-05,
872,ALTILLO UNIVERSIDAD,5.72E-05,
881,3 FUENTES,5.72E-05,
276,MIRADOR DEL VALLE,5.72E-05,
908,VILLA PROGRESISTA,5.72E-05,
1005,EQUIPAMIENTO FABRICA FISISA,5.72E-05,
1377,SANTA CRUZ CHAVARRIETA,5.72E-05,
1275,BOSQUE,5.72E-05,
1410,QUIRINO MENDOZA,5.72E-05,
1416,LOMAS DEL PEDREGAL,5.72E-05,
1023,1Ã¸ DE MAYO,5.72E-05,
1421,BARRIO SAN JUAN MINAS,5.72E-05,
1431,VILLA TLALPAN,5.72E-05,
1441,EL MIRADOR I(SAN LUCAS XOCHIMANCA),5.72E-05,
1254,LA NORIA I,5.72E-05,
941,BARRIO LOS REYES,5.72E-05,
1088,AMPLIACION LA CONCHITA,5.72E-05,
1350,SAN BUENAVENTURA,5.72E-05,
454,EMPLEADOS FEDERALES,5.15E-05,
416,PARQUE TARANGO,5.15E-05,
1329,LOMA DEL OCOTE,5.15E-05,
1085,TECORRAL,5.15E-05,
1252,SAUZALES CEBADALES,5.15E-05,
1096,EQUIPAMIENTO PREPARATORIA NUM. 5,5.15E-05,
1306,VIVEROS COATECTLÃN,5.15E-05,
1075,LOS SAUCES,5.15E-05,
1407,EL JAGÃEY,5.15E-05,
668,ALAMEDA ORIENTE,5.15E-05,
1370,FAROLES DEL PEDREGAL,5.15E-05,
1513,VILLA CUEMANCO INFONAVIT,5.15E-05,
1417,AMPLIACION SIFON,5.15E-05,
1544,LAS HUERTAS,5.15E-05,
1438,SAN SALVADOR CUAUHTENCO SECCION II,5.15E-05,
1467,BARRIO LA SANTISIMA,5.15E-05,
1539,EL MIRADOR 3A SECCION,5.15E-05,
1237,EMILIANO ZAPATA 1A SECCION,5.15E-05,
1534,PEDREGAL DEL LAGO,5.15E-05,
1219,TLACAELEL 1,5.15E-05,
0,AMPLIACION ESTADO DE HIDALGO,5.15E-05,
1207,ROMULO SANCHEZ MIRELES,4.58E-05,
1147,EL METRO - BARRIO,4.58E-05,
1455,QUETZALCOATL,4.58E-05,
1322,NUEVA EL ROSARIO,4.58E-05,
1296,RESIDENCIAL MAR DE LA TRANQUILIDAD,4.58E-05,
1481,VISTAS DEL MAUREL,4.58E-05,
1121,DE SAN JUAN TLALPAN,4.58E-05,
1134,LA VIGA,4.58E-05,
1369,TETLALPAN,4.58E-05,
1248,ISSSTE,4.58E-05,
1426,REAL DEL SUR,4.58E-05,
1415,EVA SÃMANO DE LOPEZ MATEOS,4.58E-05,
1425,TIZAMPAMPANO DEL PUEBLO TETELPAN,4.58E-05,
613,HOGARES FERROCARRILEROS,4.58E-05,
1535,BARRIO EL TRUENITO,4.58E-05,
691,BATALLON DE SAN PATRICIO,4.58E-05,
1174,AMPLIACION LA CEBADA,4.58E-05,
1218,LA CONCHITA ZAPOTITLÃN,4.58E-05,
1166,LOMAS DE SAN JUAN IXHUATEPEC 2A SECCION,4.58E-05,
398,TENORIOS 2,4.58E-05,
1353,AMPLIACION SAN MIGUEL,4.58E-05,
892,XOPA,4.01E-05,
1541,LA REGADERA,4.01E-05,
1230,FUENTES DE ZARAGOZA,4.01E-05,
1247,AMPLIACION POPO,4.01E-05,
1289,AMANECER BELLAVISTA,4.01E-05,
702,AMPLIACION VENUSTIANO CARRANZA,4.01E-05,
1297,LA JOYITA DEL PUEBLO TETELPAN,4.01E-05,
894,ARCOS DEL SUR,4.01E-05,
1208,PANTEON SANTA FE,4.01E-05,
1271,LOMAS DE REFORMA,4.01E-05,
1466,PANAMERICANA,4.01E-05,
1462,EL TEJOCOTE,4.01E-05,
1323,Pueblo San Antonio Tecomitl (LAS JOYAS),4.01E-05,
992,REACOMODO PINO SUÃREZ,4.01E-05,
1334,GLORIETA DE VAQUERITOS,4.01E-05,
1333,AARON SÃENZ,4.01E-05,
1380,1Â° DE MAYO,4.01E-05,
913,TEPANTITLAMILCO,4.01E-05,
1449,EL HUESO INFONAVIT,4.01E-05,
1362,EMILIANO ZAPATA 2A SECCION,4.01E-05,
1454,BARRIO 3 DE MAYO,4.01E-05,
1319,LA MILAGROSA,4.01E-05,
1409,AMPLIACION DOS RIOS,4.01E-05,
1379,AMADO NERVO,3.43E-05,
1351,NUEVA TENOCHTITLÃN,3.43E-05,
1363,2A AMPLIACION LA MEXICANA,3.43E-05,
517,LOMAS DEL CAPULIN,3.43E-05,
1356,EL MOLINITO,3.43E-05,
1388,ATLAMAXAC,3.43E-05,
1521,COLA DE PATO - PUEBLO,3.43E-05,
1364,MÃRTIRES DE TLATELOLCO,3.43E-05,
1335,TEHUIXTITLA,3.43E-05,
1344,ARCOS LA ESMERALDA,3.43E-05,
1515,ESTADIO OLIMPICO MEXICO 68,3.43E-05,
1512,GOLONDRINAS 2A SECCION,3.43E-05,
571,TEPOPOTLA,3.43E-05,
1494,EL ENCANTO,3.43E-05,
1330,ESCUELA DE TIRO,3.43E-05,
1272,LA VALENCIANA,3.43E-05,
1489,ALDAMA,3.43E-05,
1479,UNIDAD MONSERRAT,3.43E-05,
1451,EL RUEDO,3.43E-05,
1472,PROLONGACION LOS ANGELES,3.43E-05,
1497,RESERVA ECOLOGICA TORRES DE POTRERO,3.43E-05,
1368,INDECO,3.43E-05,
1043,MEMETLA,3.43E-05,
1139,CANTERA,3.43E-05,
1090,AMPLIACION TLACUITLAPA,3.43E-05,
1189,COOPERATIVA BIATLON,2.86E-05,
1282,UNIDAD HAB. U.S.O.V.I.,2.86E-05,
1525,ACOCA,2.86E-05,
1524,CUITLAHUAC,2.86E-05,
1561,PRIVADA DEL RINCON,2.86E-05,
1149,CAMISETAS - BARRIO,2.86E-05,
1520,VALLE DE SANTA MARIA,2.86E-05,
1245,INDUSTRIAS MILITARES DE SEDENA,2.86E-05,
1516,JUAN DE DIOS BÃTIZ,2.86E-05,
1502,TRES MOSQUETEROS,2.86E-05,
28,NATIVITAS (PUEBLO SAN LUCAS XOCHIMANCA),2.86E-05,
1496,TENORIOS FOVISSSTE,2.86E-05,
1564,NORMA FOVISSSTE,2.86E-05,
1299,AREA FEDERAL PARQUE CUITLAHUAC,2.86E-05,
1480,P.R.I.,2.86E-05,
1528,2O REACOMODO CORPUS CHRISTI,2.86E-05,
1458,RINCONADA DE TARANGO,2.86E-05,
195,SAN AGUSTIN DEL PUEBLO TETELPAN,2.86E-05,
1442,CANUTILLO 3A SECCION,2.86E-05,
1339,EL ENCINO DEL PUEBLO TETELPAN,2.86E-05,
1341,XOCHIMILCO,2.86E-05,
1347,CLUB DE GOLF BOSQUES,2.86E-05,
1413,TORRES DE SAN JUAN,2.86E-05,
955,PARAJE TETENCO,2.86E-05,
1405,SAN MIGUEL 2 SECCION,2.86E-05,
1393,ESTADO DE HIDALGO I,2.86E-05,
1359,TEMASTITITLA,2.86E-05,
1526,AMPLIACION TLACUITLAPA II,2.86E-05,
1403,ANTONIO CARRILLO FLORES,2.86E-05,
1529,1Â DE MAYO,2.86E-05,
1555,OCOTILLOS DEL PUEBLO TETELPAN,2.86E-05,
1205,PUENTE SIERRA,2.86E-05,
1437,SANTA  CECILIA TEPETLAPA,2.29E-05,
1507,LOS GAMITOS,2.29E-05,
1504,VILLA DEL PUENTE,2.29E-05,
1265,TEXCALTENCO,2.29E-05,
1503,MARIANA,2.29E-05,
1158,SAN PEDRO MÃRTIR FOVISSSTE,2.29E-05,
1495,SAN MIGUEL TOXIAC,2.29E-05,
1493,REAL DE LAS LOMAS,2.29E-05,
1490,FORTIN DE CHIMALISTAC,2.29E-05,
1343,LOS ROBLES,2.29E-05,
952,OCOTLA,2.29E-05,
1332,MONTE ALBAN,2.29E-05,
1549,Pueblo San Antonio Tecomitl (LAS ARBOLEDAS),2.29E-05,
1293,EL OLIVO (SAN LORENZO),2.29E-05,
749,BARRIO DE CARAMAGÂEY,2.29E-05,
1109,REAL DEL BOSQUE,2.29E-05,
1450,DR. PEDRO R BERNABE,2.29E-05,
1554,AMPLIACION VERACRUZANA,2.29E-05,
1476,ERMITA CHURUBUSCO,2.29E-05,
1475,VILLA DEL SUR,2.29E-05,
1573,EL POLITOCO,2.29E-05,
1473,ESTADO DE VERACRUZ,2.29E-05,
1570,EL ARBOL AMPLIACION,2.29E-05,
1424,TEZONTITLA,2.29E-05,
1558,CUCHILLA TEPEXIMILPA,2.29E-05,
1145,DURAZNOTITLA,2.29E-05,
1399,CAMINO REAL DE TETELPAN,2.29E-05,
1150,ACUEDUCTO XOCHIMILCO,2.29E-05,
634,1ER REACOMODO CORPUS CHRISTI,2.29E-05,
1551,NUEVA TOTOTITLA,2.29E-05,
1522,EDUARDO MOLINA I,2.29E-05,
1221,DEL PARQUE,2.29E-05,
1514,LA ESTRELLA,2.29E-05,
1445,CORRALES,1.72E-05,
1511,PLAZUELA DEL PEDREGAL,1.72E-05,
1518,3 DE MAYO,1.72E-05,
379,ESTADO DE ANAHUAC,1.72E-05,
1390,TEMPRANILLO,1.72E-05,
1056,RESIDENCIAL PEDREGAL PICACHO,1.72E-05,
1567,DEPORTIVA C.E.T. NO. 1,1.72E-05,
1129,LOS ARCOS,1.72E-05,
1531,PLAN DE AYALA,1.72E-05,
1453,LI LEGISLATURA,1.72E-05,
1589,SIRACUSA 240,1.72E-05,
1574,CASTILLO GRANDE I,1.72E-05,
1530,EL JAZMIN,1.72E-05,
1459,VIADUCTO TRONCOSO,1.72E-05,
1091,TELONCOCHABACANO,1.72E-05,
1429,LA HERRADURA DEL PUEBLO TETELPAN,1.72E-05,
1281,EDUARDO MOLINA II,1.72E-05,
1428,AZTLAN LOS APACHES,1.72E-05,
1584,ZAPATA,1.72E-05,
1509,U.H. TLALTEPA,1.72E-05,
1510,MALVINAS MEXICANAS,1.72E-05,
1563,LOMAS DE SAN PEDRO,1.72E-05,
1346,TEJOMULCO EL ALTO,1.72E-05,
1500,VILLA ROYALE,1.72E-05,
1499,GALEANA,1.72E-05,
1468,CEDROS SANTA LUCIA,1.72E-05,
1536,JUSTICIA SOCIAL,1.72E-05,
1537,CANTAROS,1.72E-05,
1550,ESPACIO ECOLOGICO CUICUILCO,1.72E-05,
1427,EL RINCON,1.72E-05,
590,LAS MAROMAS,1.72E-05,
1348,PEDREGAL DE AMINCO,1.72E-05,
1546,VILLA ESMERALDA,1.14E-05,
1406,LADERA,1.14E-05,
1317,MULTIROL TLAXCANES (HERRADURA TLAXCANES),1.14E-05,
1590,UNIVERSAL,1.14E-05,
1592,TLAXCALTENCO LA MESA,1.14E-05,
1461,Paseo de las Lomas (Alta Vista),1.14E-05,
1527,BOSCOSO,1.14E-05,
1548,TECALCAPA DEL PUEBLO TETELPAN,1.14E-05,
1575,RINCON DE GUANAJUATO,1.14E-05,
1577,RIO DE GUADALUPE FOVISSSTE,1.14E-05,
740,COMPANIA DE LUZ,1.14E-05,
1576,EL BOSQUE - CONDOMINIO,1.14E-05,
1354,AREA FEDERAL PANTEON CIVIL SAN NICOLAS TOLENTINO,1.14E-05,
1400,INSURGENTES SAN ANGEL,1.14E-05,
1381,VERONICA CASTRO,1.14E-05,
1401,DIAMANTE,1.14E-05,
1545,GAVILAN I II III Y IV,1.14E-05,
1444,BARRIO DE CARAMAGÃEY,1.14E-05,
1587,VILLA DE SAN FRANCISCO,1.14E-05,
1387,LA MAGUEYERA,1.14E-05,
1585,U.S.I.T.A.T.Y.R.,1.14E-05,
710,COPILCO,1.14E-05,
1434,VISTA HERMOSA I,1.14E-05,
1580,ZONA DE RESERVA ECOLOGICA,1.14E-05,
1581,LORETO Y PENA POBRE,1.14E-05,
1568,TLACAELEL 2,1.14E-05,
1483,BELEN DE LAS FLORES SECCION LOMITA,1.14E-05,
1264,MIGUEL GAONA ARMENTA,1.14E-05,
1533,ACASULCO,1.14E-05,
1244,LA ESCALERA,1.14E-05,
1519,RINCON DE SAN JUAN,1.14E-05,
1508,SAN JOSE ZACATEPEC,1.14E-05,
1477,TEPEYECA,1.14E-05,
1532,COLORINES,1.14E-05,
1517,EL MIRADOR (NATIVITAS),1.14E-05,
1486,TEQUIMILA,1.14E-05,
1487,EL ARENAL,1.14E-05,
1505,RESIDENCIAL LA CANTERA,1.14E-05,
1538,SAN AGUSTIN (DEL PUEBLO DE SAN ANDRES MIXQUIC),1.14E-05,
1559,SAN DIEGO,1.14E-05,
1565,REDENCION,1.14E-05,
72,CENTRO,0.026086708,
84,DEL VALLE CENTRO,0.013781657,
29,DOCTORES,0.011395049,
27,ROMA NORTE,0.01101159,
46,NARVARTE,0.010954357,
34,AGRICOLA ORIENTAL,0.009071398,
170,BUENAVISTA,0.008436114,
3,MORELOS,0.007966805,
78,GUERRERO,0.007709257,
53,AGRICOLA PANTITLAN,0.007692088,
37,JUÃREZ,0.007188439,
55,PEDREGAL DE SANTO DOMINGO,0.006942338,
206,POLANCO,0.006673344,
119,PORTALES SUR,0.006209758,
94,SANTA MARIA LA RIBERA,0.005780512,
203,CENTRAL DE ABASTO,0.005660323,
209,OBRERA,0.005482902,
105,ANAHUAC,0.005047932,
193,GRANJAS MEXICO,0.004933467,
131,JARDIN BALBUENA,0.004864788,
66,HIPODROMO,0.004715982,
110,SAN ANDRES TOTOLTEPEC,0.004681643,
68,SANTA CRUZ ATOYAC,0.00464158,
104,NAPOLES,0.004601517,
226,DESARROLLO URBANO QUETZALCOATL,0.004504221,
213,LINDAVISTA,0.004315353,
106,EL ROSARIO,0.004235227,
97,ROMA SUR,0.004189441,
70,ZONA CENTRO,0.004166547,
472,SAN FELIPE DE JESUS,0.004126484,
181,SAN PEDRO DE LOS PINOS,0.004017742,
92,DEL CARMEN,0.004000572,
350,CUAUHTEMOC,0.003994849,
115,AJUSCO,0.003954786,
57,SANTA CRUZ MEYEHUALCO,0.003886107,
100,ÃLAMOS,0.003880383,
101,CHINAMPAC DE JUÃREZ,0.003760195,
10,PEDREGAL DE SANTA URSULA,0.003714408,
50,NONOALCO TLATELOLCO,0.003691515,
430,MOCTEZUMA 2A SECCION,0.003657176,
269,TACUBA,0.003445414,
42,TACUBAYA,0.003342395,
43,UNIDAD VICENTE GUERRERO,0.003302332,
175,SAN RAFAEL,0.003290886,
35,ESCANDON I SECCION,0.003205036,
343,JUAN ESCUTIA,0.00319359,
30,LEYES DE REFORMA 3A SECCION,0.003136357,
124,TABACALERA,0.003124911,
268,HEROES DE PADIERNA,0.003084848,
125,SAN MIGUEL,0.003079124,
378,JARDINES DEL PEDREGAL,0.002867363,
345,SAN MIGUEL TEOTONGO,0.002833023,
25,XALPA,0.002781514,
498,AMPLIACION CASAS ALEMÃN,0.002707111,
574,UNIVERSIDAD NACIONAL AUTONOMA DE MEXICO,0.002626985,
166,SANTA BÃRBARA,0.002615539,
408,PERALVILLO,0.002598369,
271,ERMITA ZARAGOZA,0.002569752,
386,SANTA MARTHA ACATITLA,0.002569752,
192,LOMAS DE CHAPULTEPEC I SECCION,0.002558306,
616,SAN MIGUEL TOPILEJO,0.00252969,
26,GRANADA,0.002483903,
194,SAN MIGUEL CHAPULTEPEC,0.00247818,
71,LOMAS DE SAN LORENZO,0.00247818,
40,SAN ANGEL,0.002472457,
23,PIEDAD NARVARTE,0.002472457,
392,UNIDAD EJERCITO CONSTITUCIONALISTA,0.002466733,
62,GABRIEL RAMOS MILLÃN SECCION BRAMADERO,0.00246101,
135,VALLEJO,0.00246101,
12,PROVIDENCIA,0.00246101,
329,EJERCITO DE ORIENTE ZONA PENON,0.002415224,
86,ZEDEC SANTA FE,0.002375161,
482,TEPALCATES,0.002323651,
331,MAGDALENA DE LAS SALINAS,0.002289312,
528,LOS ÃNGELES,0.002260695,
161,TRANSITO,0.002243526,
41,2A. AMPLIACION SANTIAGO ACAHUALTEPEC,0.002214909,
179,SAN JOSE INSURGENTES,0.002214909,
150,SAN GREGORIO ATLAPULCO,0.002203463,
278,SANTA MARTHA ACATITLA SUR,0.002180569,
144,GUADALUPE TEPEYAC,0.002174846,
461,SANTA MARIA NONOALCO,0.0021634,
155,SAN PEDRO MÃRTIR,0.0021634,
174,POPOTLA,0.002157676,
277,INSURGENTES MIXCOAC,0.00214623,
242,TLALPAN CENTRO I,0.002134783,
300,SAN FRANCISCO CULHUACAN,0.00211189,
495,SAN JERONIMO LIDICE,0.002106167,
90,CAMPAMENTO 2 DE OCTUBRE,0.002106167,
141,TEPEYAC INSURGENTES,0.00209472,
433,SAN JUAN XALPA,0.002048934,
117,CENTRO DE AZCAPOTZALCO,0.002026041,
152,CONSTITUCION DE 1917,0.002026041,
409,CULHUACÃN CTM SECCION VII,0.002014594,
500,MIGUEL HIDALGO,0.002008871,
376,INDUSTRIAL,0.001997425,
217,NUEVA ATZACOALCO,0.001968808,
138,LOMAS DE SANTA FE,0.001945915,
566,SANTA MARTHA ACATITLA NORTE,0.001945915,
314,ZONA URBANA EJIDAL SANTA MARIA AZTAHUACAN,0.001923022,
186,NUEVA VALLEJO,0.001917299,
257,TORIELLO GUERRA,0.001911575,
570,NUEVA INDUSTRIAL VALLEJO,0.001894405,
542,CERRO DE LA ESTRELLA,0.001865789,
551,REFORMA POLITICA,0.001860066,
250,SAN LORENZO LA CEBADA,0.001860066,
295,CUAJIMALPA,0.001848619,
231,INFONAVIT IZTACALCO,0.001848619,
262,CAMPESTRE ARAGON,0.001842896,
15,CONDESA,0.001842896,
565,SANTA CRUZ ACALPIXCA - PUEBLO,0.001825726,
389,LOS REYES,0.001820003,
288,XOCO,0.001808556,
334,AMPLIACION GABRIEL RAMOS MILLÃN,0.001802833,
246,GENERAL IGNACIO ZARAGOZA,0.00179711,
222,EJERCITO DE AGUA PRIETA,0.00176277,
146,SAN JUAN DE ARAGON IV SECCION,0.001734154,
351,LOMAS DE PADIERNA,0.001734154,
443,CAMPESTRE CHURUBUSCO,0.00172843,
377,ATLAMPA,0.001722707,
633,SAN NICOLÃS TOTOLAPAN,0.001716984,
744,NATIVITAS,0.001711261,
656,PENSADOR MEXICANO,0.001711261,
114,EX-HIPODROMO DE PERALVILLO,0.001705537,
422,SAN SIMON TOLNAHUAC,0.001699814,
380,SANTIAGO TEPALCATLALPAN,0.001694091,
308,SANTA ISABEL TOLA,0.001688367,
875,SANTA ANITA,0.001659751,
406,CLAVERIA,0.001642581,
344,VALLE GOMEZ,0.001636858,
623,ANZURES,0.001619688,
499,JOSE LOPEZ PORTILLO,0.001619688,
396,SAN ANTONIO,0.001613965,
16,LETRÃN VALLE,0.001596795,
446,JUVENTINO ROSAS,0.001579625,
188,RESIDENCIAL ZACATENCO,0.001568179,
96,SAN BARTOLO AMEYALCO,0.001562455,
438,MODERNA,0.001556732,
750,AEROPUERTO INTERNACIONAL BENITO JUÃREZ,0.001545285,
75,GUADALUPE INN,0.001545285,
52,OLIVAR DEL CONDE 1A SECCION,0.001533839,
420,BARRIO XALTOCAN,0.001528116,
265,MERCED GOMEZ,0.001522392,
49,DEL MAR,0.001516669,
891,MARTIN CARRERA,0.001505222,
397,LA JOYA,0.001505222,
353,ISIDRO FABELA,0.001493776,
298,SAN SIMON TICUMAC,0.001493776,
77,ADOLFO RUIZ CORTINES,0.001488053,
452,LOMAS DE PLATEROS,0.001488053,
201,VIADUCTO PIEDAD,0.001482329,
112,SAN MIGUEL AJUSCO,0.001482329,
669,NINOS HEROES,0.001476606,
549,VILLA GUSTAVO A. MADERO,0.001476606,
328,AMPLIACION SAN PEDRO XALPA,0.001459436,
120,SAN FRANCISCO TLALTENCO,0.00144799,
5,PRO-HOGAR,0.001442266,
335,IZTLAHUACÃN,0.001442266,
267,EMILIANO ZAPATA,0.001442266,
210,SANTA MARIA TEPEPAN,0.001442266,
256,NUEVA SANTA MARIA,0.001442266,
87,SAN JUAN DE ARAGON,0.00143082,
51,FEDERAL,0.001425097,
529,FRANCISCO VILLA,0.001419373,
243,SAN JUAN DE ARAGON I SECCION,0.001419373,
183,INDUSTRIAL VALLEJO,0.001402203,
61,SAN LUCAS,0.001402203,
168,MIXCOAC,0.00139648,
13,OLIVAR DEL CONDE 2A SECCION,0.00139648,
463,INDEPENDENCIA,0.001390757,
153,CONSEJO AGRARISTA MEXICANO,0.00137931,
621,SAN MARCOS,0.00137931,
405,VISTA ALEGRE,0.001362141,
369,GRANJAS COAPA,0.001350694,
118,LOMAS DE ZARAGOZA,0.001350694,
368,SECTOR POPULAR,0.001339247,
149,MERCED BALBUENA,0.001327801,
341,SANTO TOMAS AJUSCO,0.001316354,
103,SALVADOR DIAZ MIRON,0.001316354,
133,TLACOQUEMECATL,0.001310631,
261,SANTA ANA PONIENTE,0.001304908,
200,GUADALUPE DEL MORAL,0.001299184,
543,BELLAVISTA,0.001293461,
559,SANTIAGO SUR,0.001282015,
374,EL PARAISO,0.001282015,
375,ARAGON LA VILLA,0.001282015,
572,SAN LUCAS XOCHIMANCA,0.001276291,
508,MIGUEL HIDALGO 3A SECCION,0.001270568,
550,PENON DE LOS BANOS,0.001270568,
553,ESTRELLA,0.001264845,
447,SAN ANDRES,0.001259121,
560,MOCTEZUMA 1A SECCION,0.001247675,
128,PUEBLO DE LOS REYES,0.001247675,
747,PUEBLO SANTA FE,0.001241952,
99,20 DE NOVIEMBRE,0.001241952,
69,LOMAS DE LA ESTANCIA,0.001241952,
641,RENOVACION,0.001230505,
526,SAN MARTIN XOCHINAHUAC,0.001230505,
417,SAN BERNABE OCOTEPEC,0.001224782,
589,GRANJAS MODERNAS,0.001224782,
615,EJERCITO DE ORIENTE 2,0.001219059,
604,SAN PEDRO,0.001219059,
159,LA MALINCHE,0.001213335,
562,APATLACO,0.001213335,
714,ROMERO RUBIO,0.001207612,
190,LOMAS ESTRELLA 2A SECCION,0.001201889,
247,ALIANZA POPULAR REVOLUCIONARIA,0.001196165,
523,SANTA URSULA XITLA,0.001196165,
239,SAN MATEO XALPA,0.001190442,
279,TLAXPANA,0.001190442,
236,ÃLVARO OBREGON,0.001190442,
20,CONSTITUCION DE LA REPUBLICA,0.001184719,
448,SAN JOSE DE LOS CEDROS,0.001178996,
381,ARGENTINA PONIENTE,0.001167549,
266,SANTO TOMAS,0.001156102,
724,SAN LORENZO HUIPULCO,0.001156102,
320,ADOLFO LOPEZ MATEOS,0.001156102,
825,VERONICA ANZURES,0.001150379,
883,LEYES DE REFORMA 1A SECCION,0.001150379,
725,PUEBLA,0.001150379,
220,SANTA MARIA AZTAHUACAN,0.001144656,
326,ESCUADRON 201,0.001144656,
139,IRRIGACION,0.001138933,
9,ALFONSO XIII,0.001133209,
578,AMPLIACION MOLINO DE ROSAS,0.001133209,
227,VASCO DE QUIROGA,0.001127486,
756,AMERICAS UNIDAS,0.001127486,
347,TOLTECA,0.001121763,
202,SAN MATEO TLALTENANGO,0.001104593,
866,TLALPAN CENTRO II,0.00109887,
79,PRESIDENTES DE MEXICO,0.001075977,
232,LOS ALPES,0.001075977,
85,TORRES DE POTRERO,0.001070253,
719,AVIACION CIVIL,0.001058807,
272,AMPLIACION ADOLFO LOPEZ MATEOS,0.001058807,
464,TEZOZOMOC,0.001058807,
93,LA LAGUNA TICOMÃN,0.001058807,
136,EL RODEO,0.001053083,
419,PUEBLO DE LA MAGDALENA MIXIUHCA,0.001053083,
109,VERTIZ NARVARTE,0.001053083,
784,SANTA ROSA,0.00104736,
59,PASEOS DE CHURUBUSCO,0.001041637,
667,AMPLIACION NAPOLES,0.001041637,
137,SANTA CECILIA,0.001035914,
733,PROGRESO,0.001035914,
32,EL PARQUE,0.001035914,
612,GABRIEL RAMOS MILLÃN SECCION TLACOTAL,0.001035914,
260,VALLE DE SAN LORENZO,0.00103019,
426,AMPLIACION ZONA URBANA EJIDAL SANTA MARIA AZTAHUAC,0.00103019,
497,FLORIDA,0.001024467,
858,LAS ARBOLEDAS,0.001024467,
636,SAN ANDRES TETEPILCO,0.001018744,
126,LA PURISIMA TICOMÃN,0.001018744,
460,EL SIFON,0.001018744,
598,SAN JUAN DE ARAGON II SECCION,0.00101302,
611,SAN JERONIMO ACULCO,0.001007297,
165,SANTIAGO AHUIZOTLA,0.001007297,
21,BOSQUE DE CHAPULTEPEC I SECCION,0.001001574,
413,CHALMA DE GUADALUPE,0.001001574,
285,MILITAR MARTE,0.001001574,
254,LOS GIRASOLES,0.000995851,
1032,BARRIO OXTOPULCO UNIVERSIDAD,0.000995851,
424,BARRIO NORTE,0.000995851,
184,BUENOS AIRES,0.000990127,
173,AMPLIACION GRANADA,0.000984404,
393,BARRIO CANDELARIA TICOMÃN,0.000984404,
815,CITLALLI,0.000984404,
296,SAN LORENZO TEZONCO,0.000978681,
98,SAN MARCOS NORTE,0.000978681,
199,AMPLIACION SAN FRANCISCO CULHUACAN,0.000972958,
158,MIGUEL HIDALGO 1A SECCION,0.000972958,
283,TENORIOS,0.000972958,
313,HIPODROMO CONDESA,0.000972958,
592,SAN JUAN DE ARAGON VII SECCION,0.000972958,
436,BELISARIO DOMINGUEZ SECCION XVI,0.000967234,
602,LORENZO BOTURINI,0.000961511,
507,SANTIAGO ACAHUALTEPEC,0.000961511,
357,BARRIO SANTA CATARINA,0.000961511,
238,ROMERO DE TERREROS,0.000961511,
221,TORRE BLANCA,0.000955788,
513,PARQUE SAN ANDRES,0.000955788,
745,LOMAS DE LA ERA,0.000955788,
450,AVANTE,0.000950064,
311,AMPLIACION GABRIEL HERNÃNDEZ,0.000950064,
185,ZONA ESCOLAR,0.000944341,
449,SAN JUAN TLIHUACA,0.000944341,
332,OLIVAR DE LOS PADRES,0.000938618,
677,SAN PEDRO EL CHICO,0.000938618,
742,GENERAL PEDRO MARIA ANAYA,0.000932895,
603,SAN PEDRO ZACATENCO,0.000932895,
624,LOMAS DE SOTELO,0.000932895,
544,VILLA CENTRO AMERICANA,0.000927171,
654,CARLOS ZAPATA VELA,0.000927171,
142,SANTIAGO ATZACOALCO,0.000927171,
240,AMPLIACION PROGRESO NACIONAL,0.000927171,
539,ARENAL 4A SECCION,0.000927171,
674,ACUEDUCTO DE GUADALUPE,0.000921448,
486,BARRIO LA CONCEPCION,0.000921448,
44,PUEBLO DE SANTA URSULA COAPA,0.000915725,
207,PEDREGAL DE SAN NICOLÃS 3A SECCION,0.000915725,
630,CIUDAD DE LOS DEPORTES,0.000915725,
699,CENTRO COMERCIAL PERISUR,0.000915725,
655,AMPLIACION PENITENCIARIA,0.000915725,
370,JARDINES DEL PEDREGAL DE SAN ÃNGEL,0.000910001,
606,ZACAHUITZCO,0.000910001,
782,LOMA LA PALMA,0.000904278,
468,ALGARIN,0.000904278,
324,GABRIEL RAMOS MILLÃN,0.000898555,
802,PORTALES ORIENTE,0.000892832,
683,SAN JUAN DE ARAGON III SECCION,0.000887108,
1007,LA POLVORILLA,0.000887108,
58,AMPLIACION ASTURIAS,0.000887108,
812,PENSIL NORTE,0.000887108,
198,TULYEHUALCO,0.000881385,
219,LOS OLIVOS,0.000881385,
478,INSURGENTES CUICUILCO,0.000881385,
492,PUEBLO LA CANDELARIA,0.000881385,
681,MIGUEL HIDALGO 4A SECCION,0.000875662,
626,GUADALUPE INSURGENTES,0.000869938,
95,VILLA PANAMERICANA,0.000869938,
981,MIGUEL HIDALGO 2A SECCION,0.000869938,
434,EL CARACOL,0.000869938,
167,ARGENTINA ANTIGUA,0.000864215,
953,AMERICA,0.000852769,
828,SAN JOSE ACULCO,0.000847045,
697,COPILCO UNIVERSIDAD,0.000841322,
650,LOS MANZANOS,0.000841322,
800,VALENTIN GOMEZ FARIAS,0.000829876,
140,SANTA LUCIA,0.000818429,
614,ACUEDUCTO,0.000818429,
660,SAN MATEO,0.000818429,
888,PERIODISTA,0.000812706,
844,PASEOS DE TAXQUENA,0.000812706,
421,SAN JOSE,0.000806982,
765,SAN BARTOLO ATEPEHUACAN,0.000806982,
471,C.T.M. EL RISCO,0.000806982,
252,SAN MIGUEL ZAPOTITLA,0.000801259,
853,REYNOSA TAMAULIPAS,0.000801259,
391,SAN PEDRO XALPA,0.000801259,
687,JACARANDAS,0.000795536,
273,PROGRESISTA,0.000795536,
91,SELENE 1A. SECCION,0.000789813,
111,PREDIO EL MOLINO,0.000789813,
923,BONDOJITO,0.000789813,
1105,GABRIEL HERNÃNDEZ,0.000784089,
916,C.T.M. ATZACOALCO,0.000784089,
294,SAN JUAN DE ARAGON VI SECCION,0.000784089,
922,LAS AGUILAS,0.000778366,
282,ARENAL 1A SECCION,0.000778366,
693,SANTA CRUZ XOCHITEPEC,0.000778366,
855,7 DE JULIO,0.000778366,
225,LOMAS DE BECERRA,0.000778366,
437,UNIDAD MODELO,0.000778366,
63,AMPLIACION DANIEL GARZA,0.000778366,
721,SAN JUAN,0.000778366,
453,EL RETONO,0.000772643,
355,LA ERA,0.000772643,
24,LA RAZA,0.000772643,
56,SANTA ROSA XOCHIAC,0.000772643,
164,PRADO CHURUBUSCO,0.000772643,
1110,PALMITAS,0.000766919,
108,DEL RECREO,0.000766919,
429,LA PRADERA,0.000761196,
469,EL COYOL,0.000761196,
805,MIGUEL DE LA MADRID,0.000761196,
145,PARAJE ZACATEPEC,0.000761196,
191,ACULCO,0.000755473,
18,BARRIO 18,0.000755473,
270,DEFENSORES DE LA REPUBLICA,0.000755473,
372,PUEBLO CULHUACÃN,0.000755473,
364,PASTEROS,0.000755473,
690,SAN PABLO - BARRIO,0.000755473,
83,GRANJAS DE SAN ANTONIO,0.00074975,
309,PILOTO ADOLFO LOPEZ MATEOS,0.00074975,
536,COLINA DEL SUR,0.00074975,
307,LA NAVIDAD,0.00074975,
730,LA CRUZ,0.000738303,
617,PEDREGAL DE SAN NICOLÃS 1A SECCION,0.000738303,
385,PROGRESO NACIONAL,0.000738303,
1042,LA MEXICANA,0.00073258,
809,BARRIO SAN PEDRO,0.00073258,
88,SAN IGNACIO,0.00073258,
485,SAN MIGUEL AMANTLA,0.000726856,
836,TETELPAN,0.000726856,
264,CUCHILLA DEL TESORO,0.000726856,
583,JAMAICA,0.000721133,
291,EL VERGEL,0.00071541,
147,LOS CIPRESES,0.00071541,
317,VILLA COYOACÃN,0.00071541,
89,MÃRTIRES DE RIO BLANCO,0.00071541,
491,SAN DIEGO CHURUBUSCO,0.000709687,
479,DR. ALFONSO ORTIZ TIRADO,0.000709687,
208,PROGRESO TIZAPAN,0.000709687,
665,LA ESTACION,0.000709687,
303,LA NOPALERA,0.000709687,
703,CONCHITA B,0.000703963,
1048,MESA DE LOS HORNOS,0.000703963,
511,TIZAPAN,0.000703963,
1084,SANTA CECILIA TEPETLAPA,0.00069824,
156,CULHUACÃN CTM SECCION VI,0.000692517,
435,GERTRUDIS SANCHEZ 3A SECCION,0.000692517,
14,PEDREGAL DE SAN NICOLÃS 4A SECCION,0.000686794,
67,PUEBLO NUEVO ALTO,0.000686794,
819,LAS PENAS,0.00068107,
813,CULHUACÃN CTM SECCION IX,0.00068107,
822,PUEBLO DE SAN PABLO TEPETLAPA,0.00068107,
580,CULHUACÃN CTM SECCION V,0.00068107,
863,LOS REYES CULHUACÃN,0.00068107,
867,LOMAS QUEBRADAS,0.000675347,
143,SANTIAGO TULYEHUALCO - PUEBLO,0.000675347,
806,FERROCARRILERA,0.000669624,
510,ZENTLAPATL,0.000669624,
504,LA CONCHITA,0.000669624,
766,TABLAS DE SAN AGUSTIN,0.000669624,
1001,SAN FRANCISCO TETECALA,0.000669624,
259,GERTRUDIS SÃNCHEZ 2A SECCION,0.0006639,
459,LAS CRUCES,0.0006639,
415,FUENTES DEL PEDREGAL,0.0006639,
325,CALTONGO,0.0006639,
998,PARAJE SAN JUAN,0.0006639,
561,TIERRA NUEVA,0.0006639,
400,SANTA URSULA COAPA,0.000658177,
778,LA ASUNCION,0.000658177,
1037,AGRICULTURA,0.000652454,
651,AERONÃUTICA MILITAR,0.000652454,
425,COVE,0.000646731,
939,OBSERVATORIO,0.000646731,
878,RESIDENCIAL ACUEDUCTO DE GUADALUPE,0.000646731,
874,AMPLIACION EMILIANO ZAPATA,0.000646731,
897,JUAN GONZÃLEZ ROMERO,0.000641007,
620,EL MANTO,0.000641007,
237,LOMAS DE TARANGO,0.000635284,
949,BARRANCA SECA,0.000635284,
663,SAN DIEGO OCOYOACAC,0.000635284,
404,LOMAS DE SAN BERNABE,0.000635284,
467,ANGEL ZIMBRON,0.000635284,
1039,AMPLIACION PANAMERICANA,0.000635284,
321,CUADRANTE DE SAN FRANCISCO,0.000635284,
470,CHIMALCOYOTL,0.000635284,
197,LOS ÃNGELES APANOAYA,0.000629561,
535,SAN LORENZO ACOPILCO,0.000629561,
451,OBRERO POPULAR,0.000629561,
31,AQUILES SERDÃN,0.000629561,
349,EX-EJIDO DE SAN PABLO TEPETLAPA,0.000629561,
395,SAN ÃLVARO,0.000623837,
163,SANTA MARIA MALINALCO,0.000623837,
263,FUEGO NUEVO,0.000623837,
310,SAN SEBASTIÃN TECOLOXTITLA,0.000618114,
360,TLALCOLIGIA,0.000618114,
134,CHURUBUSCO COUNTRY CLUB,0.000618114,
234,LA PRECIOSA,0.000618114,
373,NUEVA TENOCHTITLAN,0.000612391,
39,JOSE MARIA PINO SUÃREZ,0.000606668,
900,SANTA CRUZ ACAYUCAN,0.000600944,
983,FUENTES BROTANTES,0.000600944,
948,JORGE NEGRETE,0.000600944,
605,CORPUS CHRISTY,0.000595221,
506,POSTAL,0.000595221,
705,EL TRIUNFO,0.000595221,
807,ANO DE JUÃREZ,0.000595221,
754,LA HABANA,0.000589498,
573,SANTA MARTHA (VILLA MILPA ALTA),0.000589498,
465,SANTIAGO NORTE,0.000589498,
148,SANTA ISABEL INDUSTRIAL,0.000589498,
996,MINAS CRISTO REY,0.000583775,
873,CARMEN SERDÃN,0.000583775,
731,DANIEL GARZA,0.000578051,
1002,VICTORIA DE LAS DEMOCRACIAS,0.000578051,
865,PUENTE BLANCO,0.000572328,
637,ARVIDE,0.000572328,
1107,LORETO,0.000566605,
7,TENANTITLA (SAN ANTONIO TECOMITL),0.000566605,
157,EL ROSAL,0.000566605,
999,ARENAL,0.000566605,
688,GRANJAS ESMERALDA,0.000566605,
319,GRANJAS ESTRELLA,0.000566605,
785,TLATILCO,0.000566605,
8,2A AMPLIACION JALALPA TEPITO,0.000566605,
339,VILLA LÃZARO CÃRDENAS,0.000560881,
223,EL TANQUE,0.000560881,
275,CUCHILLA PANTITLAN,0.000560881,
366,AMPLIACION DEL GAS,0.000555158,
823,ARTES GRAFICAS,0.000555158,
987,CUAUHTEMOC PENSIL,0.000555158,
653,CIUDAD JARDIN,0.000549435,
783,VALLE DEL SUR,0.000549435,
151,ACTIPAN,0.000549435,
540,LA CARBONERA,0.000549435,
230,LA CRUZ COYUYA,0.000543712,
1082,LA ASUNCION I,0.000543712,
803,GUADALUPE,0.000543712,
302,NARCISO MENDOZA SUPER MANZANA 4 VILLA COAPA,0.000543712,
708,MIRAVALLE,0.000543712,
493,Las Aguilas (AOB-3),0.000543712,
788,EL OCOTAL,0.000543712,
986,AREA FEDERAL PANTEON SAN LORENZO TEZONCO,0.000543712,
994,ARENAL TEPEPAN,0.000537988,
444,DEL GAS,0.000537988,
645,CARACOL,0.000537988,
622,INDUSTRIAL PUERTO AEREO,0.000537988,
839,VILLA DE CORTES,0.000537988,
11,BARRIO EL ROSARIO,0.000537988,
211,ACACIAS,0.000532265,
522,1RA. AMPLIACION SANTIAGO ACAHUALTEPEC,0.000532265,
640,HEROES DE CHURUBUSCO,0.000532265,
494,SAN MIGUEL (SAN PABLO OZTOTEPEC),0.000532265,
304,NOCHEBUENA,0.000526542,
189,CHIMALISTAC,0.000526542,
933,JARDINES DEL AJUSCO,0.000520818,
657,AMPLIACION LOMAS DE SAN BERNABE,0.000520818,
476,ZAPOTLA,0.000520818,
214,ESPERANZA,0.000515095,
826,ESTRELLA DEL SUR,0.000515095,
644,ASTURIAS,0.000515095,
979,EDUCACION,0.000515095,
342,CRUZTITLA (SAN ANTONIO TECOMITL),0.000515095,
2,SAN MIGUEL XICALCO,0.000515095,
861,LA PASTORA,0.000509372,
791,EL ROSEDAL,0.000509372,
490,FELIPE ÃNGELES,0.000503649,
618,COPILCO EL BAJO,0.000503649,
487,CARLOS HANK GONZALEZ,0.000503649,
666,ALBERT,0.000503649,
548,EX-EJIDO DE SANTA URSULA COAPA,0.000503649,
1071,AXOTLA,0.000497925,
541,LOMAS DE SANTA CRUZ,0.000497925,
700,EL SANTUARIO,0.000497925,
154,ALDANA,0.000497925,
915,CRISTO REY,0.000497925,
918,JARDINES EN LA MONTANA,0.000497925,
255,UNIDAD CUITLAHUAC,0.000492202,
229,MEXICO NUEVO,0.000492202,
831,SANTA MARIA INSURGENTES,0.000492202,
488,PAULINO NAVARRO,0.000492202,
643,GENERAL FELIPE BERRIOZABAL,0.000492202,
441,SAN JUANICO,0.000492202,
462,BARRIO DEL NINO JESUS,0.000486479,
82,SAN ANDRES AHUAYUCAN,0.000486479,
599,UNIDAD PROFESIONAL ADOLFO LOPEZ MATEOS,0.000486479,
455,LOMAS DE CUAUTEPEC,0.000486479,
418,PRESIDENTES EJIDALES,0.000486479,
245,ESPARTACO,0.000486479,
692,LOMAS DE VISTA HERMOSA,0.000486479,
841,SANTA TERESA,0.000486479,
909,QUIAHUATLA,0.000480755,
1057,SIMON BOLIVAR,0.000480755,
301,CAPULTITLAN,0.000480755,
932,SANTA CRUZ (VILLA MILPA ALTA),0.000480755,
1059,PARQUE ECOLOGICO DE XOCHIMILCO,0.000480755,
877,SANTIAGO ATEPETLAC,0.000480755,
1260,HACIENDAS DE COYOACÃN,0.000480755,
516,COSMOPOLITA,0.000480755,
810,HEROES DE CERRO PRIETO,0.000480755,
966,GUADALUPE PROLETARIA,0.000480755,
799,AGRICOLA METROPOLITANA,0.000475032,
696,PLAZA COAPA,0.000475032,
893,EL TORO,0.000475032,
647,AMPLIACION PROVIDENCIA,0.000469309,
833,POPULAR RASTRO,0.000469309,
593,5O TRAMO 20 DE NOVIEMBRE,0.000469309,
832,PUENTE COLORADO,0.000469309,
1116,SAN LORENZO ATEMOAYA,0.000469309,
1006,BOSQUE DE CHAPULTEPEC II SECCION,0.000469309,
218,CENTRAL DE AUTOBUSES DEL SUR TAXQUENA,0.000469309,
383,SAN ANTONIO CULHUACÃN,0.000469309,
739,SELENE 2A. SECCION,0.000469309,
1051,PARAISO,0.000469309,
1177,REFORMA PENSIL,0.000463586,
1162,GOLONDRINAS,0.000463586,
1320,PEDREGAL DE SAN NICOLÃS 2A SECCION,0.000463586,
829,PORVENIR,0.000457862,
81,SAN JUAN Y GUADALUPE TICOMÃN,0.000457862,
902,SAN FRANCISCO XOCOTITLA,0.000457862,
297,LEGARIA,0.000457862,
483,MOLINO DE SANTO DOMINGO,0.000452139,
1026,JARDIN AZPEITIA,0.000452139,
116,LA ESMERALDA,0.000452139,
315,POPULAR SANTA TERESA,0.000452139,
887,HUICHAPAN,0.000452139,
251,EMILIO CARRANZA,0.000452139,
848,TLAPECHICO,0.000452139,
960,ARBOLEDAS DEL SUR,0.000446416,
600,MINA LOS COYOTES,0.000446416,
980,15 DE AGOSTO,0.000440693,
475,LA MAGDALENA PETLACALCO,0.000440693,
840,INSURGENTES SAN BORJA,0.000440693,
804,ARBOLEDAS DE CUAUTEPEC EL ALTO,0.000440693,
759,SAN FRANCISCO TLALNEPANTLA,0.000434969,
1008,SANTO DOMINGO,0.000434969,
412,MAGDALENA MIXIUHCA,0.000434969,
456,TLALPEXCO,0.000434969,
722,PALMATITLA,0.000434969,
704,CAMPESTRE COYOACÃN,0.000434969,
586,NUEVA SANTA ANITA,0.000434969,
458,PURISIMA ATLAZOLPA,0.000429246,
428,SELENE,0.000429246,
387,SANTA MARIA NATIVITAS,0.000429246,
682,LOS PADRES,0.000429246,
619,IZTACCIHUATL,0.000429246,
1127,PETROLERA,0.000429246,
316,HUAYATLA,0.000429246,
673,CREDITO CONSTRUCTOR,0.000429246,
1135,NEXTENGO,0.000429246,
484,SANTA CRUZ AVIACION,0.000423523,
993,COLTONGO,0.000423523,
859,LOS PICOS DE IZTACALCO SECCION 1B,0.000423523,
959,REAL DEL MORAL,0.000423523,
403,EL MOLINO TEZONCO,0.000423523,
988,LA COLMENA,0.000423523,
646,PRADO COAPA 3A SECCION,0.000423523,
942,CACAMA,0.000417799,
1095,SAN SEBASTIÃN,0.000417799,
1054,JARDINES DE SAN LORENZO TEZONCO,0.000417799,
862,REVOLUCION,0.000417799,
1089,7 DE NOVIEMBRE,0.000417799,
895,MAZA,0.000417799,
1020,BOSQUES DE LAS LOMAS,0.000412076,
337,A.M.S.A,0.000412076,
162,GARCIMARRERO,0.000412076,
427,CONCHITA A,0.000412076,
1083,BOSQUE DE LAS LOMAS,0.000412076,
1015,LA LOMA,0.000412076,
642,EL TRIANGULO,0.000406353,
775,SAN JUAN JOYA,0.000406353,
726,SAN JOSE DE LA ESCALERA,0.000406353,
905,PALO ALTO,0.00040063,
216,ZONA ESCOLAR ORIENTE,0.00040063,
182,TRES ESTRELLAS,0.000394906,
664,MODELO PENSIL,0.000394906,
1201,BOSQUES DEL PEDREGAL,0.000394906,
711,LOMAS DEL CHAMIZAL,0.000394906,
1055,UN HOGAR PARA NOSOTROS,0.000394906,
384,LA CONCEPCION (VILLA MILPA ALTA),0.000394906,
60,MARIA G. DE GARCIA RUIZ,0.000394906,
1241,CAFETALES,0.000394906,
769,VILLA DE ARAGON,0.000394906,
1046,SAN PABLO CHIMALPA,0.000394906,
957,EUZKADI,0.000394906,
972,LOS PICOS VI-B,0.000394906,
857,NUEVA ROSITA,0.000394906,
659,OJO DE AGUA,0.000389183,
1063,EX HACIENDA SAN JUAN DE DIOS,0.000389183,
371,SANTA CATARINA,0.000389183,
934,RESIDENCIAL EMPERADORES,0.000389183,
244,8 DE AGOSTO,0.000389183,
241,VALLE DE MADERO,0.000389183,
284,REFORMA IZTACCIHUATL SUR,0.000389183,
280,AMPLIACION SAN MIGUEL 8VA.,0.00038346,
974,LOMAS DE CHAMONTOYA,0.00038346,
299,SANTA MARIA TOMATLÃN,0.00038346,
556,10 DE MAYO,0.00038346,
431,PEDREGAL DE SANTA URSULA XITLA,0.000377736,
576,HOGAR Y SEGURIDAD,0.000372013,
474,EXTREMADURA INSURGENTES,0.000372013,
1358,SEVILLA,0.000372013,
1161,SAN LORENZO XICOTENCATL,0.000372013,
1000,BARRIO SAN LUCAS,0.000372013,
74,PENA POBRE,0.000372013,
977,LIBERALES DE 1857,0.000372013,
1044,SAN JOSE DEL OLIVAR,0.000372013,
525,LA ESPERANZA,0.000372013,
965,SAN JUAN (SAN PABLO OZTOTEPEC),0.00036629,
1257,LOMAS DE CAPULA,0.00036629,
19,C.T.M. ARAGON,0.00036629,
830,BARROS SIERRA,0.00036629,
505,NICOLÃS BRAVO,0.00036629,
715,PALMAS,0.00036629,
680,PRADO COAPA 2A SECCION,0.000360567,
790,AMPLIACION EL TRIUNFO,0.000360567,
793,EX-EJIDO DE LA MAGDALENA MIXIUHCA,0.000360567,
537,UNIDAD OBRERO HAB. CTM CULHUACAN ZONA 13,0.000360567,
1092,SOLIDARIDAD,0.000360567,
838,EL RELOJ,0.000360567,
846,INSURGENTES,0.000360567,
187,PARQUE DEL PEDREGAL,0.000360567,
870,MALACATES,0.000354843,
940,BARRIO SAN ANTONIO,0.000354843,
695,REFORMA SOCIAL,0.000354843,
786,GUADALUPE TLALPAN,0.000354843,
457,LA GUADALUPE,0.000354843,
568,LA CONCEPCION,0.000354843,
837,LEYES DE REFORMA 2A SECCION,0.000354843,
1016,PARAJE SAN JUAN CERRO,0.000354843,
235,BELEM DE LAS FLORES,0.000354843,
1118,SAN FRANCISCO XICALTONGO,0.000354843,
649,VALLEJO PONIENTE,0.00034912,
601,CENTRO URBANO BENITO JUÃREZ,0.00034912,
950,BARRIO SAN FRANCISCO,0.00034912,
336,CULHUACÃN CTM SECCION X,0.00034912,
926,BARRIO LA ASUNCION,0.00034912,
814,TEPEPAN,0.00034912,
816,1A VICTORIA,0.00034912,
407,ARAGON INGUARÃN,0.00034912,
671,LOS CEDROS,0.00034912,
1031,NARCISO MENDOZA SUPER MANZANA 2 VILLA COAPA,0.000343397,
423,SAN JOSE TICOMÃN,0.000343397,
904,CASA BLANCA,0.000343397,
180,PUEBLO NATIVITAS,0.000343397,
686,LA CASILDA,0.000343397,
534,SANTA FE IMSS,0.000343397,
47,SAN JUAN TEPEPAN,0.000343397,
527,SANTA ANA NORTE,0.000343397,
1011,PARRES EL GUARDA,0.000343397,
596,LOMAS DE SAN ÃNGEL INN,0.000343397,
327,2A AMPLIACION PRESIDENTES,0.000343397,
946,PRESIDENTES,0.000343397,
871,RESIDENCIAL LA ESCALERA,0.000343397,
751,SAN BARTOLOME XICOMULCO,0.000337673,
1148,SANTA ANA SUR,0.000337673,
610,JANITZIO,0.000337673,
876,DESARROLLO URBANO EL PIRU,0.000337673,
709,EMILIANO ZAPATA FRACCIONAMIENTO POPULAR,0.000337673,
712,COMPOSITORES MEXICANOS,0.000337673,
121,LA MAGDALENA,0.000337673,
781,EJIDOS SAN JUAN DE ARAGON 1A SECCION,0.000337673,
501,DEPORTIVO PENSIL,0.00033195,
169,SAN LORENZO,0.00033195,
178,PRESIDENTE MADERO,0.00033195,
519,AMPLIACION LA CANDELARIA,0.00033195,
608,CUAUTEPEC DE MADERO,0.00033195,
675,JOSEFA ORTIZ DE DOMINGUEZ,0.000326227,
338,CONTADERO,0.000326227,
969,LOS CIRUELOS,0.000326227,
502,JARDINES DEL SUR,0.000326227,
196,ARTURO MARTINEZ,0.000326227,
248,GUADALUPE VICTORIA,0.000326227,
625,PLENITUD,0.000326227,
215,SAN MATEO (VILLA MILPA ALTA),0.000326227,
1280,LA DRAGA,0.000326227,
287,ERMITA,0.000326227,
1211,SAN BARTOLO EL CHICO,0.000320504,
713,AMPLIACION TORRE BLANCA,0.000320504,
847,ROSARIO TLALI,0.000320504,
1185,ATENOR SALAS,0.000320504,
741,GUADALUPE TLALTENCO,0.000320504,
73,XOTEPINGO,0.000320504,
411,LA NORIA,0.000320504,
48,NARCISO MENDOZA SUPER MANZANA 3 VILLA COAPA,0.00031478,
1338,LOMAS DE LOS ANGELES DEL PUEBLO TETELPAN,0.00031478,
919,EQUIPAMIENTO FABRICA FISISA I,0.00031478,
706,ZONA URBANA EJIDAL LOS REYES CULHUACAN,0.00031478,
638,EL MIRADOR,0.00031478,
130,LOMAS ESTRELLA 1A SECCION,0.00031478,
817,JARDINES DE COYOACÃN,0.00031478,
843,SANTA INES,0.00031478,
123,REFORMA IZTACCIHUATL NORTE,0.00031478,
718,TLAZINTLA,0.000309057,
763,SAN JUANICO NEXTIPAC,0.000309057,
723,25 DE JULIO,0.000309057,
762,PENSIL SUR,0.000309057,
956,SANTA CRUZ DE LAS SALINAS,0.000309057,
921,BENITO JUAREZ I,0.000309057,
354,COPILCO EL ALTO,0.000309057,
122,VILLA QUIETUD,0.000309057,
65,PRADOS DEL ROSARIO,0.000309057,
1159,4 ÃRBOLES,0.000309057,
879,SAN NICOLÃS TETELCO,0.000303334,
639,EL ARBOLILLO CTM,0.000303334,
1146,LA ROSITA,0.000303334,
390,DEL LAGO,0.000303334,
233,2DA AMPLIACION BARRIO SAN MIGUEL (SAN FELIPE TERRE,0.000297611,
274,BANJIDAL,0.000297611,
701,MONTE DE PIEDAD,0.000297611,
1074,5 DE MAYO,0.000297611,
757,NARCISO MENDOZA SUPER MANZANA 5 VILLA COAPA,0.000297611,
1195,EL PRADO,0.000297611,
924,HIDALGO,0.000297611,
292,AGRICOLA / EX-HACIENDA DE GUADALUPE CHIMALISTAC,0.000291887,
798,LA PILA,0.000291887,
835,HEROE DE NACOZARI,0.000291887,
1030,PRADOS DE COYOACÃN,0.000291887,
38,SAN BARTOLO CAHUALTONGO,0.000291887,
707,FORESTAL,0.000291887,
440,MICHOACANA,0.000286164,
346,MARIANO ESCOBEDO,0.000286164,
684,1A AMPLIACION PRESIDENTES,0.000286164,
80,AHUEHUETES ANAHUAC,0.000286164,
333,NUEVA ORIENTAL COAPA,0.000286164,
944,VERGEL DE COYOACÃN,0.000286164,
1152,MIXCOATL,0.000286164,
880,VILLA OLIMPICA,0.000286164,
652,TORRES LINDAVISTA,0.000286164,
496,LOMAS DE MEMETLA,0.000280441,
796,LIBERACION,0.000280441,
1018,PLUTARCO ELIAS CALLES,0.000280441,
1263,AMPLIACION PETROLERA,0.000280441,
963,GERTRUDIS SÃNCHEZ 1A SECCION,0.000280441,
1164,AMPLIACION CARACOL,0.000280441,
770,LAS AGUILAS 1A SECCION,0.000280441,
348,PENA ALTA,0.000280441,
1277,HUAYAMILPAS,0.000280441,
678,SAN CLEMENTE SUR,0.000280441,
1122,AMPLIACION PILOTO ADOLFO LOPEZ MATEOS,0.000280441,
410,EL MOLINO,0.000280441,
1136,CALZADA JALALPA,0.000274717,
546,TIERRA COLORADA,0.000274717,
1076,16 DE SEPTIEMBRE,0.000274717,
582,UNIDAD OBRERO HAB. CULHUACAN,0.000274717,
1,EL ERMITANO,0.000274717,
821,BARRIO SAN SEBASTIÃN,0.000274717,
898,SAN NICOLÃS 2,0.000274717,
503,AMPLIACION SANTA CATARINA,0.000274717,
480,PILARES AGUILAS,0.000274717,
129,CANTERA PUENTE DE PIEDRA,0.000274717,
547,TLACOYAQUE,0.000268994,
985,PUEBLO NUEVO BAJO,0.000268994,
567,SANTA FE,0.000268994,
720,LOS REYES (DEL PUEBLO DE SAN ANDRES MIXQUIC),0.000268994,
306,MAGDALENA ATLAZOLPA,0.000268994,
1073,AMPLIACION SINATEL,0.000268994,
489,UNIDAD KENNEDY,0.000268994,
323,BOSQUE RESIDENCIAL DEL SUR,0.000263271,
591,SINATEL,0.000263271,
1274,JALALPA TEPITO,0.000263271,
1202,RESIDENCIAL MIRAMONTES,0.000263271,
402,DEL OBRERO,0.000263271,
481,RINCONADA LAS HADAS,0.000263271,
399,HERON PROAL,0.000257548,
439,SAN JOSE BUENAVISTA,0.000257548,
466,SAN JOSE (SANTA ANA TLACOTENCO),0.000257548,
1167,LOS ENCINOS,0.000257548,
789,RESIDENCIAL ACOXPA,0.000257548,
1188,AMPLIACION MICHOACANA,0.000257548,
628,POTRERO DE SAN BERNARDINO,0.000257548,
982,SAN JUAN DE ARAGON V SECCION,0.000257548,
281,CHIMILLI,0.000251824,
1182,PEDREGAL DEL SUR,0.000251824,
717,NARCISO BASSOLS,0.000251824,
945,VENTURA PEREZ DE ALVA,0.000251824,
1243,LAS AMERICAS,0.000251824,
1125,INPI PICOS,0.000251824,
1283,ATLÃNTIDA,0.000251824,
318,BENITO JUÃREZ,0.000251824,
64,XALTIPAC (SAN ANTONIO TECOMITL),0.000251824,
545,BARRIO CALYEQUITA,0.000251824,
1180,GUELATAO BENITO JUÃREZ,0.000246101,
820,2A. AMPLIACION JALALPA EL GRANDE,0.000246101,
54,Pueblo San Antonio Tecomitl Barrio Xochitepec,0.000246101,
947,MAXIMINO ÃVILA CAMACHO,0.000246101,
521,LA JOYITA,0.000246101,
1066,VENUSTIANO CARRANZA,0.000246101,
772,SAN SALVADOR CUAUHTENCO SECCION III,0.000246101,
761,PEDREGAL DE LA ZORRA,0.000246101,
1094,ESTANZUELA,0.000246101,
860,JAIME TORRES BODET,0.000240378,
631,FORESTAL I,0.000240378,
289,CASTILLO GRANDE,0.000240378,
856,SAN BARTOLOME (DEL PUEBLO DE SAN ANDRES MIXQUIC),0.000240378,
1199,AMPLIACION RICARDO FLORES MAGON,0.000240378,
935,SANTIAGO,0.000240378,
882,EX-HACIENDA EL ROSARIO,0.000240378,
1318,VISTA HERMOSA,0.000240378,
670,2O REACOMODO TLACUITLAPA,0.000240378,
394,SINDICATO MEXICANO DE ELECTRICISTAS,0.000240378,
1022,NEXTITLA,0.000240378,
689,AREA FEDERAL PARQUE ECOLOGICO EL SALADO,0.000240378,
1163,CAMPESTRE,0.000240378,
33,ZENON DELGADO,0.000240378,
171,LAS TINAJAS,0.000240378,
564,CASTILLO CHICO,0.000234654,
1070,PISTA OLIMPICA VIRGILIO URIBE (CANAL DE CUEMANCO),0.000234654,
555,NOCHTLA (SAN PEDRO ATOCPAN),0.000234654,
1197,JESUS DEL MONTE,0.000234654,
205,VALLE ESCONDIDO,0.000234654,
1309,INDEPENDENCIA BATAN NORTE,0.000234654,
658,SANTA APOLONIA,0.000234654,
1326,MEXICALTZINGO,0.000234654,
609,DEL BOSQUE,0.000234654,
728,AGUILERA,0.000228931,
1027,OCOTITLA (SAN PEDRO ATOCPAN),0.000228931,
1033,PROGRESO DEL SUR,0.000228931,
1130,SAN JERONIMO,0.000228931,
842,VERGEL COAPA,0.000228931,
635,AMPLIACION BENITO JUÃREZ,0.000228931,
531,NARCISO MENDOZA SUPER MANZANA 6 VILLA COAPA,0.000228931,
518,CUCHILLA AGRICOLA ORIENTAL,0.000228931,
648,EL ARBOLILLO,0.000228931,
1165,SAN JOAQUIN,0.000228931,
808,SAN FRANCISCO TECOXPA,0.000228931,
575,FRACCIONAMIENTO COYUYA,0.000228931,
1025,TIERRA BLANCA,0.000223208,
352,ZACATENCO,0.000223208,
1229,AMPLIACION ALPES,0.000223208,
1210,SAN MIGUEL TEHUISCO,0.000223208,
1324,BARRIO LA FAMA,0.000223208,
1310,SAN FRANCISCO,0.000223208,
224,TLACAMACA,0.000223208,
737,LOMAS HERMOSA,0.000223208,
1077,LOMAS DE CHAPULTEPEC IV SECCION (LOMAS VIRREYES),0.000217485,
512,SAN AGUSTIN (VILLA MILPA ALTA),0.000217485,
629,EL CENTINELA,0.000217485,
927,NUEVO BARRIO SAN RAFAEL,0.000217485,
776,SANTA MARIA DE LOS OLIVOS - BARRIO,0.000217485,
1172,BARRIO SAN FERNANDO,0.000217485,
356,SAN JUAN ESTRELLA,0.000217485,
312,LOMAS ALTAS,0.000211761,
779,FELIPE PESCADOR,0.000211761,
1214,GUADALUPE VICTORIA CUAUTEPEC,0.000211761,
253,ESTRELLA CULHUACÃN,0.000211761,
698,CULTURA MAYA,0.000211761,
1104,BARRIO LA CONCEPCION TLACOAPA,0.000211761,
363,COCOYOTES,0.000211761,
538,PENITENCIARIA,0.000211761,
685,AZTECA,0.000211761,
672,EL TEPETATAL,0.000206038,
597,LOMAS DE BEZARES,0.000206038,
1220,COLINAS DEL BOSQUE,0.000206038,
984,VALLE DE LUCES 2A SECCION,0.000200315,
997,AHUATENCO,0.000200315,
727,MIRADOR II,0.000200315,
1013,RICARDO FLORES MAGON,0.000200315,
1284,TLACUITLAPA,0.000200315,
557,JARDINES TECMA,0.000200315,
845,POTRERILLO,0.000200315,
563,LOMAS DE SOTELO I,0.000200315,
755,BARRIO BELEN,0.000194592,
954,SAN MARCOS (SANTA ANA TLACOTENCO),0.000194592,
780,DEL MAESTRO,0.000194592,
1292,HEROES DE 1910,0.000194592,
768,CERRILLOS SEGUNDA SECCION,0.000194592,
107,SAN PABLO XALPA,0.000194592,
767,2 DE OCTUBRE,0.000194592,
627,ZACATON,0.000194592,
1216,SAN ANDRES TOMATLÃN,0.000194592,
1115,PEDREGAL DE LAS ÃGUILAS,0.000194592,
774,BARRIO SANTA CRUCITA,0.000194592,
732,MARGARITA MAZA DE JUÃREZ,0.000194592,
735,GRANJAS CABRERA,0.000194592,
1151,ERMITA TIZAPAN,0.000194592,
1132,BARRIO SAN JUAN,0.000194592,
1053,UNIDAD HAB. LOMAS DE SOTELO,0.000194592,
907,TLACOPAC,0.000194592,
975,LOS VOLCANES,0.000194592,
1255,AHUEHUETES,0.000188868,
991,LOMAS ALTAS DE PADIERNA SUR,0.000188868,
1242,EL MIRADOR 1A SECCION,0.000188868,
607,COMUNEROS DE SANTA URSULA,0.000188868,
305,AREA FEDERAL COMPLEJO DE TELEFONIA (CONTEL S.C.T.),0.000188868,
358,CABEZA DE JUAREZ IX,0.000188868,
1183,SANTA LUCIA CHANTEPEC,0.000188868,
1099,PQUE ECOLOGICO IND. TECNOLOGICO DE LA CIUDAD DE M?XICO (FINSA),0.000188868,
914,INDEPENDENCIA BATAN SUR,0.000188868,
584,TRABAJADORES DE HIERRO,0.000183145,
995,BALCONES DE CEHUAYO,0.000183145,
1196,2A AMPLIACION EL PIRU,0.000183145,
1423,CRUZ DEL FAROL,0.000183145,
1311,SAN SALVADOR XOCHIMANCA,0.000183145,
734,POPO,0.000183145,
1155,LOMAS HIDALGO,0.000183145,
896,TORRES DE PADIERNA,0.000183145,
1307,SACRAMENTO,0.000183145,
1227,JALALPA EL GRANDE 1ER. REACOMODO,0.000183145,
962,LA PLANTA,0.000183145,
290,BOSQUES DE TETLAMEYA,0.000183145,
286,RANCHO TEJOMULCO,0.000183145,
930,SAN RAFAEL TICOMÃN,0.000177422,
45,PARAJE 38,0.000177422,
228,BARRIO SAN CRISTOBAL,0.000177422,
1067,DAMIÃN CARMONA,0.000177422,
1137,SAN SALVADOR CUAUHTENCO SECCION I,0.000177422,
958,ALBARRADA,0.000177422,
1171,CUCHILLA DE PADIERNA,0.000177422,
595,ABRAHAM M. GONZÃLEZ,0.000177422,
1068,COLONIAL IZTAPALAPA,0.000171698,
1072,LA LUPITA,0.000171698,
1209,LOS PICOS DE IZTACALCO SECCION 1A,0.000171698,
1143,SANTA CRUZ,0.000171698,
1144,CUCHILLA LA JOYA,0.000171698,
978,CENTRAL CAMIONERA PONIENTE,0.000171698,
885,SAN JUAN TEPEXIMILPA,0.000171698,
1224,TULA (SAN PEDRO ATOCPAN),0.000171698,
901,LAS LAJAS,0.000171698,
530,EMILIO PORTES GIL,0.000171698,
1336,CERRILLOS TERCERA SECCION,0.000165975,
1312,CUEVITAS,0.000165975,
1308,VALLE DE TEPEPAN,0.000165975,
1142,LOMAS DE PUERTA GRANDE,0.000165975,
1206,PEDREGAL DEL MAUREL,0.000165975,
577,LA TURBA,0.000165975,
1035,10 DE ABRIL,0.000165975,
1200,JARDINES DEL LLANO,0.000165975,
1212,HOGAR Y REDENCION,0.000165975,
509,EL PARQUE DE COYOACÃN,0.000165975,
1256,PANCHIMALCO (SAN PEDRO ATOCPAN),0.000165975,
869,MINERVA,0.000165975,
4,BARRIO SAN ESTEBAN,0.000160252,
736,PUERTA GRANDE REACOMODO,0.000160252,
414,2DA AMPLIACION PARAJE SAN JUAN,0.000160252,
1062,12 DE DICIEMBRE,0.000160252,
1436,LIBERTAD,0.000160252,
911,AMPLIACION POTRERILLO,0.000160252,
322,CLUB DE GOLF MEXICO,0.000160252,
929,ESTADO DE HIDALGO,0.000160252,
931,ALFALFAR,0.000160252,
694,ZONA URBANA EJIDAL SANTA MARIA TOMATLAN,0.000160252,
361,TLALMILLE,0.000160252,
382,JARDINES DE LA PALMA,0.000160252,
177,BENITO JUAREZ,0.000160252,
442,EL OLIVO,0.000160252,
204,JOSE MARIA MORELOS Y PAVON,0.000160252,
1079,LUIS DONALDO COLOSIO,0.000160252,
1153,SANTA ANA CENTRO,0.000160252,
1124,SAN ANGEL INN,0.000160252,
1391,REFINERIA 18 DE MARZO,0.000160252,
1198,LAGO SUR,0.000160252,
1389,LAS PUERTAS - BARRIO,0.000160252,
632,SAN LORENZO TLACOYUCAN,0.000160252,
1422,PASEOS DEL SUR,0.000160252,
579,UNIDAD MORELOS,0.000160252,
520,COLEGIO MEXICO,0.000154529,
990,EL CUERNITO,0.000154529,
1376,SAN SALVADOR CUAUHTENCO SECCION IV,0.000154529,
1215,FRANCISCO I MADERO,0.000154529,
1010,VILLA VERDUN,0.000154529,
1176,ARAGON FOVISSSTE,0.000154529,
864,EL CAPULIN,0.000154529,
212,RINCONADA COAPA 2A SECCION,0.000154529,
1021,JARDINES DE CHURUBUSCO,0.000154529,
514,DR. IGNACIO CHÃVEZ INFONAVIT,0.000154529,
716,SAN JERONIMO MIACATLÃN,0.000154529,
964,LA ESMERALDA 1A SECCION,0.000154529,
1093,BARRIO SAN LORENZO,0.000154529,
1258,SAN FELIPE,0.000154529,
1262,CRUZ BLANCA,0.000154529,
1052,AMPLIACION MÃRTIRES DE RIO BLANCO,0.000154529,
1249,RESIDENCIAL VILLA COAPA SUPER MANZANA 1,0.000154529,
1106,SIDERAL,0.000154529,
160,SAN ISIDRO,0.000154529,
594,PANTEON FRANCES,0.000154529,
1190,AMPLIACION JALALPA,0.000148805,
524,VISTAS DEL PEDREGAL,0.000148805,
1217,RINCONADA DE LOS REYES,0.000148805,
388,CHICHICASPATL,0.000148805,
340,TEPETONGO,0.000148805,
1119,LA PRADERA II,0.000148805,
773,VIVEROS DE COYOACÃN,0.000148805,
1290,IGNACIO ZARAGOZA,0.000143082,
936,AMPLIACION 20 DE NOVIEMBRE,0.000143082,
1404,TECAXTITLA (SAN ANTONIO TECOMITL),0.000143082,
432,MIGUEL ALEMÃN,0.000143082,
1234,LA CONCHA,0.000143082,
1414,ALTAVISTA,0.000143082,
113,SAN AGUSTIN OHTENCO,0.000143082,
1141,LA LUZ (VILLA MILPA ALTA),0.000143082,
1140,LIBERACION PROLETARIA,0.000143082,
961,PARQUE METROPOLITANO,0.000143082,
1268,DINAMITA,0.000143082,
824,AMPLIACION AVIACION CIVIL,0.000143082,
445,ISSFAM,0.000143082,
1371,PUEBLO QUIETO,0.000143082,
943,QUIRINO MENDOZA (TULYEHUALCO),0.000143082,
1457,LA FORESTAL 2,0.000143082,
1108,REAL DEL MONTE,0.000143082,
967,ZACATEPEC(SAN MATEO XALPA),0.000143082,
554,GUADALUPITA,0.000143082,
1279,ARENAL PUERTO AEREO,0.000137359,
746,PUNTA DE CEHUAYA,0.000137359,
1349,CERRILLOS PRIMERA SECCION,0.000137359,
330,NUEVA ESPANA,0.000137359,
1340,LA MARTINICA,0.000137359,
1321,PEDREGAL DE SAN FRANCISCO,0.000137359,
849,SOLIDARIDAD NACIONAL,0.000137359,
585,DOS LAGOS,0.000137359,
1300,RESIDENCIAL VILLA COAPA SUPER MANZANA 4,0.000137359,
1302,PASEO DE LAS LOMAS,0.000137359,
797,UN HOGAR PARA CADA TRABAJADOR,0.000137359,
970,ROSAS DEL TEPEYAC,0.000137359,
1103,DR. FRANCISCO CABRERA,0.000137359,
1156,FLORESTA COYOACÃN,0.000137359,
989,ARCOS CENTENARIO,0.000137359,
1060,RINCONADA LAS CUEVITAS,0.000137359,
1065,GOLONDRINAS 1A SECCION,0.000137359,
971,BARRIO SAN ANDRES,0.000137359,
473,CABEZA DE JUAREZ X,0.000137359,
1014,SIETE MARAVILLAS,0.000137359,
36,AMPLIACION COSMOPOLITA,0.000131635,
1482,SAN ANDRES TOMATLAN - ZONA URBANA,0.000131635,
532,AMPLIACION GUADALUPE PROLETARIA,0.000131635,
1294,LOMAS DE LAS ÃGUILAS,0.000131635,
794,LA PALMITA,0.000131635,
850,BEJERO DEL PUEBLO SANTA FE,0.000131635,
1285,BELVEDERE AJUSCO,0.000131635,
1041,CANADA,0.000131635,
884,SAN LORENZO TLALTENANGO,0.000131635,
258,JARDINES VILLA COAPA,0.000131635,
937,LOS ÃNGELES (VILLA MILPA ALTA),0.000131635,
1009,REACOMODO BELEN DE LAS FLORES,0.000131635,
752,ARENAL 3A SECCION,0.000131635,
1058,SECTOR NAVAL,0.000131635,
1157,PRADO COAPA 1A SECCION,0.000131635,
587,LAS PERITAS,0.000131635,
1367,CABEZA DE JUAREZ VII,0.000131635,
1173,AVE REAL,0.000131635,
1430,EL YAQUI,0.000131635,
738,SAN NICOLÃS TOLENTINO,0.000125912,
1239,CABEZA DE JUAREZ SECCION VI,0.000125912,
1456,TRIANGULO DE LAS AGUJAS,0.000125912,
1191,TRABAJADORES DE PEMEX,0.000125912,
1295,INDEPENDENCIA SAN RAMON,0.000125912,
760,LA CASCADA,0.000125912,
679,VERGEL DEL SUR,0.000125912,
1287,MILITAR SEDENA,0.000125912,
792,BOSQUE DE CHAPULTEPEC III SECCION,0.000125912,
1213,LAS SALINAS,0.000125912,
1117,VALLE DEL TEPEYAC,0.000125912,
938,LAGO NORTE,0.000125912,
1003,HEROES DE CHAPULTEPEC,0.000125912,
1488,LA ANGOSTURA,0.000125912,
359,LLANO REDONDO,0.000125912,
1187,BARRIO EL CAPULIN,0.000125912,
920,BARRIO SAN MIGUEL,0.000120189,
365,CARLOS A. MADRAZO,0.000120189,
1169,OLIMPICA,0.000120189,
1440,ATLAMAYA,0.000120189,
928,SANTA ANA,0.000120189,
1040,SAN CLEMENTE NORTE,0.000120189,
925,PARQUE LAS AGUILAS,0.000120189,
1313,PARQUE NACIONAL BOSQUE DEL PEDREGAL,0.000120189,
1328,BONANZA,0.000120189,
1372,JOSE MARIA MORELOS Y PAVON 2,0.000120189,
851,EL MIRADOR  (SANTA CRUZ XOCHITEPEC),0.000114466,
558,RINCON DEL BOSQUE,0.000114466,
951,BELISARIO DOMINGUEZ,0.000114466,
6,SAN MIGUEL (DEL PUEBLO DE SAN ANDRES MIXQUIC),0.000114466,
1170,AMPLIACION EL SANTUARIO,0.000114466,
127,POLVORA,0.000114466,
899,LAS CAMPANAS,0.000114466,
1474,LA PRADERA I,0.000114466,
811,6 DE JUNIO,0.000114466,
1114,VILLA MILPA ALTA CENTRO,0.000114466,
477,PEDREGAL DE CARRASCO,0.000114466,
533,TEPEXIMILPA SERVIMET,0.000114466,
1024,FERRERIA,0.000114466,
1019,EL EDEN,0.000114466,
1523,BARRIO SAN JOSE,0.000114466,
1291,SAN BERNABE,0.000108742,
172,NUEVA DIAZ ORDAZ,0.000108742,
1337,LAS PALMAS,0.000108742,
748,LAS AGUILAS 3ER PARQUE,0.000108742,
1357,PETROLERA TAXQUENA,0.000108742,
1131,RESIDENCIAL VILLA COAPA SUPER MANZANA 8,0.000108742,
1269,ATACAXCO,0.000108742,
1276,MOLINO DEL REY,0.000108742,
1233,ARENAL 2A SECCION,0.000108742,
1375,AMPLIACION TEPEACA,0.000108742,
1154,PERALITOS,0.000108742,
890,EL JAGÂEY,0.000108742,
1179,FERNANDO CASAS ALEMÃN,0.000108742,
834,SANTISIMA TRINIDAD,0.000108742,
1181,ZAPOTITLA,0.000108742,
903,SANTIAGUITO,0.000108742,
1365,CHURUBUSCO TEPEYAC,0.000103019,
1240,GARCIMARRERO NORTE,0.000103019,
1126,HERMOSILLO,0.000103019,
1100,LOMAS DE LOS CEDROS,0.000103019,
1168,EL MIRADOR 2A SECCION,0.000103019,
764,LOMAS EL MANTO,0.000103019,
1411,ROSEDAL,0.000103019,
1228,SAN JUAN TEPENAHUAC II,0.000103019,
569,SAN SIMON CULHUACÃN,0.000103019,
1506,VILLA CUEMANCO,0.000103019,
1355,LA ASUNCION - BARRIO,0.000103019,
1186,XOCHIPILLI,0.000103019,
1384,2A SECCION CANADA,0.000103019,
1111,PEDREGAL DE MONSERRAT,0.000103019,
1138,PARQUE NACIONAL CERRO  DE LA ESTRELLA,0.000103019,
17,LA PRIMAVERA,0.000103019,
1385,MEDIA LUNA,0.000103019,
